,ObjectID,Generation_Company,Busbar,Capacity_kW,Start_Year,ROI,NPV,Cumulative_Capacity_kW
Biomass,2155510174856,EPR Ely Limited,9,14000,2033,0.3080136509325373,6812277.1805641055,14000
Biomass,2155511497928,E.On UK,1,14000,2033,0.29786240840061806,6587945.469126519,28000
Biomass,2155341608264,Sembcorp Utilities (UK) Ltd,13,14000,2033,0.29105537465616077,6438275.420829579,42000
Solar,2155341190152,Distributed Generation,30,100000,2032,7.55305046496875,283697957.38240266,100000
