,ObjectID,Generation_Company,Busbar,Capacity_kW,Start_Year,ROI,NPV,Cumulative_Capacity_kW
Biomass,2155511849672,EPR Ely Limited,18,14000,2019,0.20687111930704222,4701787.984633174,14000
Biomass,2155511898440,E.On UK,11,14000,2019,0.20589642478552556,4679086.755245678,28000
Biomass,2155341161160,Sembcorp Utilities (UK) Ltd,26,14000,2019,0.20500360486104946,4658658.9477415085,42000
Solar,2155340874056,Distributed Generation,9,100000,2018,5.087684996356877,266529353.85044625,100000
