,ObjectID,Generation_Company,Busbar,Capacity_kW,Start_Year,ROI,NPV,Cumulative_Capacity_kW
Biomass,2155510565384,EPR Ely Limited,17,14000,2021,0.2696206354494336,6125217.576393008,14000
Biomass,2155340729480,E.On UK,29,14000,2021,0.26750842321183976,6078820.560377851,28000
Biomass,2155342953864,Sembcorp Utilities (UK) Ltd,25,14000,2021,0.2654494414853501,6033311.1751113795,42000
Solar,2155510787208,Distributed Generation,4,100000,2020,5.087633190199803,266528908.03230783,100000
