,ObjectID,Generation_Company,Busbar,Capacity_kW,Start_Year,ROI,NPV,Cumulative_Capacity_kW
Biomass,2155340946440,EPR Ely Limited,18,14000,2045,1.1395246066954205,25197472.150642868,14000
Biomass,2155509384840,E.On UK,6,14000,2045,1.1391791918435075,25193901.66650669,28000
Biomass,2155510306824,Sembcorp Utilities (UK) Ltd,18,14000,2045,1.1390229856084353,25192286.61528755,42000
Solar,2155511232776,Distributed Generation,15,100000,2044,8.935023434687274,289713728.2896984,100000
