,ObjectID,Generation_Company,Busbar,Capacity_kW,Start_Year,ROI,NPV,Cumulative_Capacity_kW
Biomass,2155511650760,EPR Ely Limited,11,14000,2028,0.08935803589687262,1976511.9320827946,14000
Biomass,2155511836296,E.On UK,5,14000,2028,0.08140852279387,1800774.4467639253,28000
Biomass,2155341996296,Sembcorp Utilities (UK) Ltd,26,14000,2028,0.07415233949332198,1640349.1422451474,42000
Solar,2155510119176,Distributed Generation,5,100000,2027,6.6713798966508735,278851041.1363374,100000
