,ObjectID,Generation_Company,Busbar,Capacity_kW,Start_Year,ROI,NPV,Cumulative_Capacity_kW
Biomass,2155340687368,EPR Ely Limited,18,14000,2025,0.2030047625482662,4453498.505281981,14000
Biomass,2155510513288,E.On UK,14,14000,2025,0.19719035110022276,4325961.676658336,28000
Biomass,2155340756296,Sembcorp Utilities (UK) Ltd,5,14000,2025,0.19251509325405214,4223597.164181147,42000
Solar,2155341235464,Distributed Generation,21,100000,2024,6.152163223551394,275321709.34183145,100000
