,ObjectID,Generation_Company,Busbar,Capacity_kW,Start_Year,ROI,NPV,Cumulative_Capacity_kW
Biomass,2155340913864,EPR Ely Limited,13,14000,2022,0.24414649472528782,5547247.674249973,14000
Biomass,2155602951048,E.On UK,26,14000,2022,0.24032951306876868,5462115.131648708,28000
Biomass,2155602951624,Sembcorp Utilities (UK) Ltd,15,14000,2022,0.23731440438794957,5393173.240559649,42000
Solar,2155340755144,Distributed Generation,5,100000,2021,5.087928229108384,266531446.8896408,100000
