,ObjectID,Generation_Company,Busbar,Capacity_kW,Start_Year,ROI,NPV,Cumulative_Capacity_kW
Biomass,2155509756872,Sembcorp Utilities (UK) Ltd,8,14000,2039,1.271399199968407,28112262.40248405,14000
Biomass,2155342158024,E.On UK,19,14000,2039,1.2713072023626102,28111366.80160499,28000
Biomass,2155509609352,EPR Ely Limited,22,14000,2039,1.2707605658830605,28106043.77396024,42000
Solar,2155512052744,Distributed Generation,1,100000,2038,8.39622693318003,287592463.3120117,100000
