,ObjectID,Generation_Company,Busbar,Capacity_kW,Start_Year,ROI,NPV,Cumulative_Capacity_kW
Biomass,2155341115976,EPR Ely Limited,2,14000,2026,0.11358021445449987,2501432.024447024,14000
Biomass,2155340230600,E.On UK,6,14000,2026,0.10790076964439746,2376680.6005456336,28000
Biomass,2155342374280,Sembcorp Utilities (UK) Ltd,5,14000,2026,0.10245463137387541,2256731.291491095,42000
Solar,2155342913736,Distributed Generation,22,100000,2025,6.3393233367586515,276663836.6852543,100000
