,ObjectID,Generation_Company,Busbar,Capacity_kW,Start_Year,ROI,NPV,Cumulative_Capacity_kW
Biomass,2155342917000,EPR Ely Limited,19,14000,2024,0.23577759811128185,5149445.913229905,14000
Biomass,2155340704968,E.On UK,23,14000,2024,0.23098576658825745,5046512.689224515,28000
Biomass,2155341274376,Sembcorp Utilities (UK) Ltd,11,14000,2024,0.22679381706837026,4953228.854637247,42000
Solar,2155603494664,Distributed Generation,25,100000,2023,5.893099913437613,273449343.38458514,100000
