,ObjectID,Generation_Company,Busbar,Capacity_kW,Start_Year,ROI,NPV,Cumulative_Capacity_kW
Biomass,2155341610888,EPR Ely Limited,20,14000,2020,0.2959785461303422,6724572.503271349,14000
Biomass,2155340910472,E.On UK,16,14000,2020,0.2943727728599134,6688460.443655904,28000
Biomass,2155511761672,Sembcorp Utilities (UK) Ltd,22,14000,2020,0.2920398065268068,6637621.895670939,42000
Solar,2155603335944,Distributed Generation,16,100000,2019,5.088041130657648,266532418.36055875,100000
