,ObjectID,Generation_Company,Busbar,Capacity_kW,Start_Year,ROI,NPV,Cumulative_Capacity_kW
Biomass,2155509782600,EPR Ely Limited,15,14000,2034,0.44890501150526474,9925983.650458537,14000
Biomass,2155340922120,E.On UK,30,14000,2034,0.4413446319353427,9761027.605810534,28000
Biomass,2155510152200,Sembcorp Utilities (UK) Ltd,9,14000,2034,0.43216731244870815,9558512.511870828,42000
Solar,2155340789768,Distributed Generation,27,100000,2033,7.711178680352857,284489048.4976665,100000
