,ObjectID,Generation_Company,Busbar,Capacity_kW,Start_Year,ROI,NPV,Cumulative_Capacity_kW
Biomass,2155340756424,EPR Ely Limited,1,14000,2027,0.11156542183934062,2466820.5276950523,14000
Biomass,2155340686984,E.On UK,7,14000,2027,0.10524164102470976,2327316.835114524,28000
Biomass,2155510246984,Sembcorp Utilities (UK) Ltd,24,14000,2027,0.09688022195897508,2143114.6132168993,42000
Solar,2155342058248,Distributed Generation,17,100000,2026,6.48859312629029,277723841.0381979,100000
