,ObjectID,Generation_Company,Busbar,Capacity_kW,Start_Year,ROI,NPV,Cumulative_Capacity_kW
Biomass,2155340062664,Sembcorp Utilities (UK) Ltd,6,14000,2042,1.196609682244526,26458085.473490633,14000
Biomass,2155342490312,E.On UK,1,14000,2042,1.196042507994004,26452374.87447619,28000
Biomass,2155513339400,EPR Ely Limited,10,14000,2042,1.196013259314333,26452080.30390158,42000
Solar,2155341109960,Distributed Generation,1,100000,2041,8.71338812908792,288863143.15119445,100000
