,ObjectID,Generation_Company,Busbar,Capacity_kW,Start_Year,ROI,NPV,Cumulative_Capacity_kW
Biomass,2155340756296,Sembcorp Utilities (UK) Ltd,17,14000,2051,1.7463365257727328,38604474.944744915,14000
Biomass,2155511021960,E.On UK,20,14000,2051,1.7452913088077158,38596058.51839417,28000
Biomass,2155513197896,EPR Ely Limited,12,14000,2051,1.7451530921542016,38594945.07322695,42000
Solar,2155342345288,Distributed Generation,27,100000,2050,9.12008789894235,290529169.0865188,100000
