,ObjectID,Generation_Company,Busbar,Capacity_kW,Start_Year,ROI,NPV,Cumulative_Capacity_kW
Biomass,2155510776648,EPR Ely Limited,10,14000,2017,0.08297301810292958,1885299.2758990228,14000
Biomass,2155511150536,E.On UK,1,14000,2017,0.08229077861277963,1869641.1547618657,28000
Biomass,2155342268936,Sembcorp Utilities (UK) Ltd,25,14000,2017,0.08129287062896046,1847436.1851468645,42000
Solar,2155340858568,Distributed Generation,7,100000,2016,5.088087384653514,266532816.346569,100000
