,ObjectID,Generation_Company,Busbar,Capacity_kW,Start_Year,ROI,NPV,Cumulative_Capacity_kW
Biomass,2155603334600,EPR Ely Limited,15,14000,2036,0.6323196156203824,13981740.618631128,14000
Biomass,2155342955720,E.On UK,25,14000,2036,0.6238655721987505,13798258.745926268,28000
Biomass,2155340791432,Sembcorp Utilities (UK) Ltd,18,14000,2036,0.6158196353279437,13619784.907456875,42000
Solar,2155511653960,Distributed Generation,1,100000,2035,8.04015258173902,286037458.9737958,100000
