,ObjectID,Generation_Company,Busbar,Capacity_kW,Start_Year,ROI,NPV,Cumulative_Capacity_kW
Biomass,2155341441224,EPR Ely Limited,20,14000,2018,0.10952032220462202,2489115.747591477,14000
Biomass,2155341442376,E.On UK,15,14000,2018,0.10864127858834781,2469082.3388726786,28000
Biomass,2155601831944,Sembcorp Utilities (UK) Ltd,16,14000,2018,0.10810291069637173,2456346.32517964,42000
Solar,2155340154184,Distributed Generation,27,100000,2017,5.0876083920037845,266528694.62862518,100000
