,ObjectID,Generation_Company,Busbar,Capacity_kW,Start_Year,ROI,NPV,Cumulative_Capacity_kW
Biomass,2155531954696,EPR Ely Limited,20,14000,2029,0.04247021347237883,939430.3808948845,14000
Biomass,2155510838088,E.On UK,7,14000,2029,0.034324668720859555,759325.144058127,28000
Biomass,2155341271368,Sembcorp Utilities (UK) Ltd,12,14000,2029,0.026876988550504802,594446.9689217918,42000
Solar,2155511450632,Distributed Generation,19,100000,2028,6.8553210386116605,279937523.1711847,100000
