,ObjectID,Generation_Company,Busbar,Capacity_kW,Start_Year,ROI,NPV,Cumulative_Capacity_kW
Biomass,2155342178184,EPR Ely Limited,30,14000,2023,0.11535027842864717,2589971.98319377,14000
Biomass,2155341957384,E.On UK,8,14000,2023,0.11085808833630709,2489982.7272353955,28000
Biomass,2155510332616,Sembcorp Utilities (UK) Ltd,29,14000,2023,0.10807498020075815,2427216.3638562,42000
Solar,2155603495624,Distributed Generation,27,100000,2022,5.434103465366873,269686692.7399419,100000
