,ObjectID,Generation_Company,Busbar,Capacity_kW,Start_Year,ROI,NPV,Cumulative_Capacity_kW
Biomass,2155602951624,Sembcorp Utilities (UK) Ltd,9,14000,2048,1.2351043405479833,27310495.95484148,14000
Biomass,2155341049992,EPR Ely Limited,15,14000,2048,1.234853468493418,27308013.798272867,28000
Biomass,2155511316360,E.On UK,26,14000,2048,1.2347208374280194,27306701.306265503,42000
Solar,2155511313288,Distributed Generation,15,100000,2047,9.053511433557889,290207043.53822356,100000
