,Year,Wind Onshore,Wind Offshore,Solar,Hydro,Hydrogen,Biomass,BECCS,Nuclear,CCGT,Coal,OCGT
0,2010,15434159710.633347,5177022975.7358,95599570.14057587,4564020392.0,632121600.0,0.0,71999053200.0,0.0,183847605382.28915,71780354029.86342,18842380.54081939
