,Year,Wind Onshore,Wind Offshore,Solar,Hydro,Hydrogen,Biomass,BECCS,Nuclear,CCGT,Coal,OCGT
0,2010,3166.5894642814183,4406.385013127853,983.1705349929642,3658.7562785388127,0.0,0.0,0.0,0.0,8192.992490704348,2884.0294035297093,100.51199452065138
